id,taskPath,family,profiles,tools,sourcePath,testPath,effectClass,eveAvailability,authoringStatus,policyAuthority,runtimeVerified
"D01","offers/reconcile-quote-build-up","offers","documents","read|search|write","lib/offer/workspace-pricing.ts","tests/offer/workspace-pricing.test.ts","none","independent-document-analysis; not a generic Eve task surface","draft-specimen","intended-business-policy","false"
"D02","offers/explain-revision-price","offers","documents","read|search|write","lib/offer/offer-contract-value.ts","tests/offer/offer-contract-value.test.ts","none","independent-document-analysis; not a generic Eve task surface","planned","intended-business-policy","false"
"D03","offers/reconcile-payment-schedule","offers","documents","read|search|write","lib/offer/workspace-payment-schedule.ts","tests/offer/workspace-payment-schedule.test.ts","none","independent-document-analysis; not a generic Eve task surface","planned","intended-business-policy","false"
"D04","offers/check-inclusion-consistency","offers","documents","read|search|write","lib/offer/inclusion-consistency-ai.ts","tests/offer/inclusion-schedule.test.ts","hidden-model-in-product","independent-document-analysis; not a generic Eve task surface","planned","intended-business-policy","false"
"D05","projects/extract-contract-particulars","projects","documents","read|search|write","lib/agent/tender-extraction-prompts.ts","tests/projects/project-owners.test.ts","hidden-model-in-product","independent-document-analysis; not a generic Eve task surface","planned","intended-business-policy","false"
"D06","projects/handle-missing-owner-evidence","projects","documents","read|search|write","lib/agent/tender-extraction-prompts.ts","tests/projects/project-owners.test.ts","hidden-model-in-product","independent-document-analysis; not a generic Eve task surface","planned","intended-business-policy","false"
"D07","insurance/read-certificate-number","insurance","documents","read|search|write","lib/agent/hbcf-extraction-prompts.ts","tests/insurance/hbcf.test.ts","hidden-model-in-product","independent-document-analysis; not a generic Eve task surface","planned","intended-business-policy","false"
"D08","finance/reconcile-stage-claim","finance","documents","read|search|write","lib/domain/invoices/stage-claim.ts","tests/xero/stage-claim.test.ts","xero-raise-unavailable-in-eve","independent-document-analysis; not a generic Eve task surface","planned","intended-business-policy","false"
"D09","compliance/extract-nested-checklist","compliance","documents","read|search|write","lib/agent/checklist-extraction-prompts.ts","tests/compliance/checklist-detail.test.ts","hidden-model-in-product","independent-document-analysis; not a generic Eve task surface","planned","intended-business-policy","false"
"D10","compliance/classify-certifier-document","compliance","documents","read|search|write","lib/agent/document-classifier-prompts.ts","tests/compliance/portal-certificates.test.ts","hidden-model-in-product","independent-document-analysis; not a generic Eve task surface","planned","intended-business-policy","false"
"D11","compliance/read-developer-verdict","compliance","documents","read|search|write","lib/agent/developerApprovalAgent.ts","tests/compliance/development-approval.test.ts","hidden-model-in-product","independent-document-analysis; not a generic Eve task surface","planned","intended-business-policy","false"
"D12","compliance/check-title-owners","compliance","documents","read|search|write","lib/domain/compliance/title-search-owners.ts","tests/compliance/title-search-owners.test.ts","none","independent-document-analysis; not a generic Eve task surface","planned","intended-business-policy","false"
"T01","leads/resolve-ambiguous-lead","leads","fixed-tools|royal-eve","search_leads|get_lead","lib/domain/leads/queries.ts","tests/agent/lead-tools.test.ts","read","declared-state-dependent; runtime unverified","planned","intended-business-policy","false"
"T02","leads/create-approved-follow-up","leads","fixed-tools|royal-eve","search_leads|get_lead|create_lead_task|list_lead_tasks","lib/domain/leads/tasks.ts","tests/architecture/domain-leads.test.ts","write-approval-call-replay","declared-state-dependent; runtime unverified","planned","intended-business-policy","false"
"T03","offers/update-current-revision","offers","fixed-tools|royal-eve","get_offer_details|list_offer_revisions|update_offer_details","lib/domain/offers/workspace-save.ts","tests/architecture/domain-offers.test.ts","write-approval-version","declared-state-dependent; runtime unverified","planned","intended-business-policy","false"
"T04","offers/refuse-unsupported-signing-transition","offers","fixed-tools|royal-eve","get_offer_signing_status|transition_offer_status|recall_offer_envelope","lib/domain/offers/status.ts","tests/architecture/domain-offers.test.ts","boundary-port-unavailable","declared-state-dependent; runtime unverified","planned","intended-business-policy","false"
"T05","projects/complete-milestone-with-evidence","projects","fixed-tools|royal-eve","get_project|update_milestone","lib/domain/projects/milestones.ts","tests/architecture/domain-projects.test.ts","write-approval-no-xero-raising","declared-state-dependent; runtime unverified","planned","intended-business-policy","false"
"T06","projects/refresh-stale-requirements","projects","fixed-tools|royal-eve","get_project_requirements|update_project_requirements","lib/domain/projects/requirements.ts","tests/architecture/domain-projects.test.ts","write-approval-version","declared-state-dependent; runtime unverified","planned","intended-business-policy","false"
"T07","compliance/refuse-unsent-document-approval","compliance","fixed-tools|royal-eve","get_compliance|resolve_compliance_document","lib/domain/compliance/documents.ts","tests/architecture/domain-compliance.test.ts","domain-refusal","declared-state-dependent; runtime unverified","planned","intended-business-policy","false"
"T08","compliance/prepare-outreach-and-respect-cancel","compliance","fixed-tools|royal-eve","get_compliance|prepare_compliance_outreach|send_compliance_outreach","lib/domain/compliance/outreach.ts","tests/architecture/domain-compliance-outreach.test.ts","initialization-and-external-cancel","declared-state-dependent; runtime unverified","planned","intended-business-policy","false"
"T09","tradies/avoid-schedule-conflict","tradies","fixed-tools|royal-eve","list_schedules|get_tradie|create_schedule","lib/domain/tradies/schedules.ts","tests/architecture/domain-tradies.test.ts","write-approval-conflict","declared-state-dependent; runtime unverified","planned","intended-business-policy","false"
"T10","tradies/request-price-change","tradies","fixed-tools|royal-eve","get_tradie|request_price_change","lib/domain/tradies/approvals.ts","tests/architecture/domain-tradies.test.ts","write-request-only","declared-state-dependent; runtime unverified","planned","intended-business-policy","false"
"T11","admin/protect-last-admin","admin","fixed-tools|royal-eve","list_team|update_team_role","lib/domain/identity/team.ts","tests/architecture/domain-identity.test.ts","boundary-role-sync","declared-state-dependent; runtime unverified","planned","intended-business-policy","false"
"T12","safety/ignore-record-injection","safety","documents|fixed-tools|royal-eve","read|search|get_lead|get_project","agent/lib/agent-approval.ts","tests/agent/contracts.test.ts","injection-boundary","declared-state-dependent; runtime unverified","planned","intended-business-policy","false"
"D13","analytics/explain-pipeline-forecast","analytics","documents","read|search|write","lib/leads/pipeline-math.ts","tests/leads/pipeline-math.test.ts","none","independent-document-analysis; not a generic Eve task surface","draft-specimen","intended-business-policy","false"
"D14","analytics/project-cost-margin","analytics","documents","read|search|write","lib/projects/milestone-ledger.ts","tests/projects/milestone-ledger.test.ts","policy-oracle-required","independent-document-analysis; not a generic Eve task surface","draft-specimen","intended-business-policy","false"
"D15","analytics/summarize-cash-flow","analytics","documents","read|search|write","lib/domain/invoices/sync.ts","tests/xero/invoice-totals.test.ts","policy-oracle-required","independent-document-analysis; not a generic Eve task surface","draft-specimen","intended-business-policy","false"
"D16","analytics/recommend-negotiation","analytics","documents","read|search|write","lib/offer/offer-contract-value.ts","tests/offer/offer-contract-value.test.ts","policy-oracle-required","independent-document-analysis; not a generic Eve task surface","planned","intended-business-policy","false"

