name,specialist,sourcePath,sourceBlobSha,wrapper,domainCommands,tests,declaredOwnerApproval,durableClass,effectClass,hiddenProviderCall,eveAvailability,fixedToolsAvailability,runtimeVerified,notes
"disconnect_xero","admin-operations","agent/subagents/admin-operations/tools/disconnect_xero.ts","212c09aaeec8b857f0906193f9ed3a5a3c5a071e","disconnectAuthorizedXero|runAdminWrite","userPrincipal@lib/domain/principal.ts|disconnectXero@lib/domain/integrations/xero.ts","tests/agent/admin-tools.test.ts","true","write","external-port","false","declared; state/ports must be verified","planned-bridge-not-implemented","false","Source inspection; tool declaration alone does not prove runtime capability."
"get_admin_content","admin-operations","agent/subagents/admin-operations/tools/get_admin_content.ts","19543280f004da1deb73d8dd3c57ee23e275945b","getAuthorizedAdminContent","userPrincipal@lib/domain/principal.ts|getAdminOfferContent@lib/domain/admin/offer-content.ts","tests/agent/admin-tools.test.ts","false","read","database-read","false","declared; state/ports must be verified","planned-bridge-not-implemented","false","Source inspection; tool declaration alone does not prove runtime capability."
"get_approval","admin-operations","agent/subagents/admin-operations/tools/get_approval.ts","df65b0e099928dcc704d4dfb99b44a1eb0f5017f","getAuthorizedApproval","userPrincipal@lib/domain/principal.ts|getTradieApproval@lib/domain/tradies/approvals.ts","tests/agent/admin-tools.test.ts","false","read","database-read","false","declared; state/ports must be verified","planned-bridge-not-implemented","false","Source inspection; tool declaration alone does not prove runtime capability."
"get_xero_connection","admin-operations","agent/subagents/admin-operations/tools/get_xero_connection.ts","362b7eabec3bec82a0bfd3fa916fbeae59520e2f","getAuthorizedXero","","tests/agent/admin-tools.test.ts","false","read","external-read","false","declared; state/ports must be verified","planned-bridge-not-implemented","false","Source inspection; tool declaration alone does not prove runtime capability. Source operation uses adapter-owned reads/helpers; inspect the listed adapter before bridge reuse. Reads Xero context via lib/data/xero-connection.ts; control remote access."
"invite_team_member","admin-operations","agent/subagents/admin-operations/tools/invite_team_member.ts","6e2cfb14c91d28ba35915280225d0bfa1c3b8962","inviteAuthorizedTeamMember|runAdminWrite","inviteTeamMember@lib/domain/identity/team.ts|userPrincipal@lib/domain/principal.ts","tests/agent/admin-tools.test.ts","true","write","external-port","false","declared; state/ports must be verified","planned-bridge-not-implemented","false","Source inspection; tool declaration alone does not prove runtime capability."
"list_approvals","admin-operations","agent/subagents/admin-operations/tools/list_approvals.ts","ff4d93c7c4a8125186229f1c743adca68dfce2a2","listAuthorizedApprovals","userPrincipal@lib/domain/principal.ts|listTradieApprovals@lib/domain/tradies/approvals.ts","tests/agent/admin-tools.test.ts","false","read","database-read","false","declared; state/ports must be verified","planned-bridge-not-implemented","false","Source inspection; tool declaration alone does not prove runtime capability."
"list_team","admin-operations","agent/subagents/admin-operations/tools/list_team.ts","d971127ae0ec0e9ef6341754b5b0168a3eab014e","","","tests/agent/admin-tools.test.ts","false","read","database-read","false","declared; state/ports must be verified","planned-bridge-not-implemented","false","Source inspection; tool declaration alone does not prove runtime capability. Source operation uses adapter-owned reads/helpers; inspect the listed adapter before bridge reuse."
"resolve_approval","admin-operations","agent/subagents/admin-operations/tools/resolve_approval.ts","4a9efb423f005b3e5f4249e8bece456a18cdd460","runAdminWrite","","tests/agent/admin-tools.test.ts","true","write","database-write","false","declared; state/ports must be verified","planned-bridge-not-implemented","false","Source inspection; tool declaration alone does not prove runtime capability. Source operation uses adapter-owned reads/helpers; inspect the listed adapter before bridge reuse."
"revoke_team_invitation","admin-operations","agent/subagents/admin-operations/tools/revoke_team_invitation.ts","4c0f985927ac9671d62e5e018753acb04e2b8fe8","revokeAuthorizedTeamInvitation|runAdminWrite","revokeTeamInvitation@lib/domain/identity/team.ts|userPrincipal@lib/domain/principal.ts","tests/agent/admin-tools.test.ts","true","write","external-port","false","declared; state/ports must be verified","planned-bridge-not-implemented","false","Source inspection; tool declaration alone does not prove runtime capability."
"update_admin_content","admin-operations","agent/subagents/admin-operations/tools/update_admin_content.ts","74fb744d0ae35099a8959bfb27c978cb4420b8ec","runAdminWrite|updateAuthorizedAdminContent","userPrincipal@lib/domain/principal.ts|getAdminOfferContent@lib/domain/admin/offer-content.ts|updateAdminOfferContentSection@lib/domain/admin/offer-content.ts","tests/agent/admin-tools.test.ts","true","write","database-write","false","declared; state/ports must be verified","planned-bridge-not-implemented","false","Source inspection; tool declaration alone does not prove runtime capability."
"update_team_role","admin-operations","agent/subagents/admin-operations/tools/update_team_role.ts","6b398d632e8052b981c8be0da157e588c5f86f6e","runAdminWrite|updateAuthorizedTeamRole","changeTeamMemberRole@lib/domain/identity/team.ts|userPrincipal@lib/domain/principal.ts|findUserByClerkId@lib/domain/identity/users.ts|findUserById@lib/domain/identity/users.ts","tests/agent/admin-tools.test.ts","true","write","external-port","false","declared; state/ports must be verified","planned-bridge-not-implemented","false","Source inspection; tool declaration alone does not prove runtime capability."
"complete_lead_task","lead-operations","agent/subagents/lead-operations/tools/complete_lead_task.ts","0e109e18c899146603d124788e72738d6293388e","completeAuthorizedLeadTask|authorizeLeadTaskMutation|resolveAuthorizedTask","authorizeLeadTask@lib/domain/leads/tasks.ts|authorizeLeadTaskOnLead@lib/domain/leads/tasks.ts|completeLeadTask@lib/domain/leads/tasks.ts|authorizeLead@lib/domain/access/leads.ts|isDomainError@lib/domain/errors.ts|userPrincipal@lib/domain/principal.ts","tests/agent/lead-tools.test.ts","true","write","database-write","false","declared; state/ports must be verified","planned-bridge-not-implemented","false","Source inspection; tool declaration alone does not prove runtime capability."
"create_lead_task","lead-operations","agent/subagents/lead-operations/tools/create_lead_task.ts","e567dd4cfceecbb2d074f7575f6cbf131b37851e","authorizeLeadTaskMutation|createAuthorizedLeadTask","authorizeLeadTaskOnLead@lib/domain/leads/tasks.ts|createLeadTask@lib/domain/leads/tasks.ts|authorizeLead@lib/domain/access/leads.ts|isDomainError@lib/domain/errors.ts|userPrincipal@lib/domain/principal.ts","tests/agent/lead-tools.test.ts","true","write","database-write","false","declared; state/ports must be verified","planned-bridge-not-implemented","false","Source inspection; tool declaration alone does not prove runtime capability."
"get_lead","lead-operations","agent/subagents/lead-operations/tools/get_lead.ts","987c2bfec6aab0530a023a360903737ab98b9a39","getAuthorizedLead","getLeadDetail@lib/domain/leads/queries.ts|isDomainError@lib/domain/errors.ts|userPrincipal@lib/domain/principal.ts","tests/agent/lead-tools.test.ts","false","read","database-read","false","declared; state/ports must be verified","planned-bridge-not-implemented","false","Source inspection; tool declaration alone does not prove runtime capability."
"list_lead_tasks","lead-operations","agent/subagents/lead-operations/tools/list_lead_tasks.ts","0f3920c1e44320e1bc18fa4f774b3e08f5edce17","listAuthorizedLeadTasks","listLeadTasks@lib/domain/leads/queries.ts|isDomainError@lib/domain/errors.ts|userPrincipal@lib/domain/principal.ts","tests/agent/lead-tools.test.ts","false","read","database-read","false","declared; state/ports must be verified","planned-bridge-not-implemented","false","Source inspection; tool declaration alone does not prove runtime capability."
"reopen_lead_task","lead-operations","agent/subagents/lead-operations/tools/reopen_lead_task.ts","c2aaa61fea8de5d105430990d98bc602385b2193","reopenAuthorizedLeadTask|authorizeLeadTaskMutation|resolveAuthorizedTask","authorizeLeadTask@lib/domain/leads/tasks.ts|authorizeLeadTaskOnLead@lib/domain/leads/tasks.ts|reopenLeadTask@lib/domain/leads/tasks.ts|authorizeLead@lib/domain/access/leads.ts|isDomainError@lib/domain/errors.ts|userPrincipal@lib/domain/principal.ts","tests/agent/lead-tools.test.ts","true","write","database-write","false","declared; state/ports must be verified","planned-bridge-not-implemented","false","Source inspection; tool declaration alone does not prove runtime capability."
"search_leads","lead-operations","agent/subagents/lead-operations/tools/search_leads.ts","18c255b45cde9bba1aaafccfff2fafb9203d4d29","searchAuthorizedLeads","searchLeads@lib/domain/leads/queries.ts|userPrincipal@lib/domain/principal.ts","tests/agent/lead-tools.test.ts","false","read","database-read","false","declared; state/ports must be verified","planned-bridge-not-implemented","false","Source inspection; tool declaration alone does not prove runtime capability."
"check_offer_lists","offer-operations","agent/subagents/offer-operations/tools/check_offer_lists.ts","05b3f90dd044770ccb0726d851b40ebc824e3e97","checkAuthorizedOfferLists","userPrincipal@lib/domain/principal.ts|checkOfferLists@lib/domain/offers/inclusions.ts","tests/agent/offer-tools.test.ts","false","read","provider-model","true","declared; state/ports must be verified","excluded-until-submodel-controlled","false","Uses inclusion AI; control/version/account submodel separately."
"create_offer_revision","offer-operations","agent/subagents/offer-operations/tools/create_offer_revision.ts","84b5321c3785f302420ecb1ca95b2d44a1d34246","createAuthorizedOfferRevision","createOfferRevision@lib/domain/offers/revisions.ts|authorizeOffer@lib/domain/access/offers.ts|userPrincipal@lib/domain/principal.ts","tests/agent/offer-tools.test.ts","true","write","database-write","false","declared; state/ports must be verified","planned-bridge-not-implemented","false","Source inspection; tool declaration alone does not prove runtime capability."
"draft_offer_highlights","offer-operations","agent/subagents/offer-operations/tools/draft_offer_highlights.ts","7b3c85e57dfdf63b849a0b52ab1844bf5bf2dca9","draftAuthorizedOfferHighlights","userPrincipal@lib/domain/principal.ts|draftOfferHighlights@lib/domain/offers/inclusions.ts","tests/agent/offer-tools.test.ts","false","read","provider-model","true","declared; state/ports must be verified","excluded-until-submodel-controlled","false","Uses inclusion AI; control/version/account submodel separately."
"get_offer","offer-operations","agent/subagents/offer-operations/tools/get_offer.ts","4a6d50a6b7f3bfc02dba5160b6c64ac5938969bd","getAuthorizedOffer","getOfferSummary@lib/domain/offers/queries.ts|userPrincipal@lib/domain/principal.ts","tests/agent/offer-tools.test.ts","false","read","database-read","false","declared; state/ports must be verified","planned-bridge-not-implemented","false","Source inspection; tool declaration alone does not prove runtime capability."
"get_offer_activity","offer-operations","agent/subagents/offer-operations/tools/get_offer_activity.ts","d8d2e4d0034968bce35c7a581d0289de38faf610","getAuthorizedOfferActivity","loadOfferActivity@lib/domain/offers/activity.ts|userPrincipal@lib/domain/principal.ts","tests/agent/offer-tools.test.ts","false","read","database-read","false","declared; state/ports must be verified","planned-bridge-not-implemented","false","Source inspection; tool declaration alone does not prove runtime capability."
"get_offer_details","offer-operations","agent/subagents/offer-operations/tools/get_offer_details.ts","44395ca59157b6a6ac4e36a306bfa972ebc2888e","getAuthorizedOfferDetails","getOfferWorkspaceDetails@lib/domain/offers/queries.ts|userPrincipal@lib/domain/principal.ts","tests/agent/offer-tools.test.ts","false","read","database-read","false","declared; state/ports must be verified","planned-bridge-not-implemented","false","Source inspection; tool declaration alone does not prove runtime capability."
"get_offer_signing_status","offer-operations","agent/subagents/offer-operations/tools/get_offer_signing_status.ts","fe08b13889161baf35d653662ff13967fde49489","getAuthorizedOfferSigningStatus","getOfferSigningStatus@lib/domain/offers/queries.ts|userPrincipal@lib/domain/principal.ts","tests/agent/offer-tools.test.ts","false","read","database-read","false","declared; state/ports must be verified","planned-bridge-not-implemented","false","Source inspection; tool declaration alone does not prove runtime capability."
"list_offer_revisions","offer-operations","agent/subagents/offer-operations/tools/list_offer_revisions.ts","4313aedb7bc79bdb9dede23f1817ad816c3529c5","","","tests/agent/offer-tools.test.ts","false","read","database-read","false","declared; state/ports must be verified","planned-bridge-not-implemented","false","Source inspection; tool declaration alone does not prove runtime capability. Source operation uses adapter-owned reads/helpers; inspect the listed adapter before bridge reuse."
"log_change_request","offer-operations","agent/subagents/offer-operations/tools/log_change_request.ts","7ac758ac8e6910d16db9427a9fafa4f8a736734a","logAuthorizedOfferChangeRequest","logOfferChangeRequest@lib/domain/offers/activity.ts|userPrincipal@lib/domain/principal.ts","tests/agent/offer-tools.test.ts","true","write","database-write","false","declared; state/ports must be verified","planned-bridge-not-implemented","false","Source inspection; tool declaration alone does not prove runtime capability."
"recall_offer_envelope","offer-operations","agent/subagents/offer-operations/tools/recall_offer_envelope.ts","bbbabbcdb900e32d95ae85a230ed153c0dedf5ca","recallAuthorizedOfferEnvelope","recallOfferEnvelope@lib/domain/offers/recall.ts|authorizeOffer@lib/domain/access/offers.ts|syncLeadStageForOffer@lib/domain/leads/stage-sync.ts|userPrincipal@lib/domain/principal.ts","tests/agent/offer-tools.test.ts","true","write","database-write","false","envelope-control-port-unavailable","planned-bridge-not-implemented","false","Source inspection; tool declaration alone does not prove runtime capability."
"save_contract_particulars","offer-operations","agent/subagents/offer-operations/tools/save_contract_particulars.ts","13065336d93f6218897c06eb8cc156eeb80a9efc","saveAuthorizedContractParticulars","saveContractParticulars@lib/domain/offers/contract-particulars.ts|authorizeOffer@lib/domain/access/offers.ts|userPrincipal@lib/domain/principal.ts","tests/agent/offer-tools.test.ts","true","write","database-write","false","declared; state/ports must be verified","planned-bridge-not-implemented","false","Source inspection; tool declaration alone does not prove runtime capability."
"search_offers","offer-operations","agent/subagents/offer-operations/tools/search_offers.ts","562ecff39dfd5702b4a0b72ac54367cebaf9386c","searchAuthorizedOffers","searchOffers@lib/domain/offers/queries.ts|userPrincipal@lib/domain/principal.ts","tests/agent/offer-tools.test.ts","false","read","database-read","false","declared; state/ports must be verified","planned-bridge-not-implemented","false","Source inspection; tool declaration alone does not prove runtime capability."
"transition_offer_status","offer-operations","agent/subagents/offer-operations/tools/transition_offer_status.ts","43ebeae0e5be995ca260c32b34b2f903c6858550","transitionAuthorizedOfferStatus","commitOfferStatusTransition@lib/domain/offers/status.ts|authorizeOffer@lib/domain/access/offers.ts|syncLeadStageForOffer@lib/domain/leads/stage-sync.ts|userPrincipal@lib/domain/principal.ts","tests/agent/offer-tools.test.ts","true","write","database-write","false","declared; state/ports must be verified","planned-bridge-not-implemented","false","Source inspection; tool declaration alone does not prove runtime capability."
"update_offer_details","offer-operations","agent/subagents/offer-operations/tools/update_offer_details.ts","5d66fc24e94a97145baa7663a304f2b908c0150f","updateAuthorizedOfferDetails","applyOfferWorkspacePatch@lib/domain/offers/workspace-save.ts|syncLeadDealValue@lib/domain/offers/workspace-save.ts|recordOfferActivityEvent@lib/domain/offers/activity.ts|authorizeOffer@lib/domain/access/offers.ts|userPrincipal@lib/domain/principal.ts","tests/agent/offer-tools.test.ts","true","write","database-write","false","declared; state/ports must be verified","planned-bridge-not-implemented","false","Source inspection; tool declaration alone does not prove runtime capability."
"create_milestone","project-operations","agent/subagents/project-operations/tools/create_milestone.ts","984a83a6fa6318d2224d2c3c635850712d7e6171","createAuthorizedMilestone","authorizeProject@lib/domain/access/projects.ts|isDomainError@lib/domain/errors.ts|createMilestone@lib/domain/projects/milestones.ts|userPrincipal@lib/domain/principal.ts","tests/agent/project-tools.test.ts","true","write","database-write","false","declared; state/ports must be verified","planned-bridge-not-implemented","false","Source inspection; tool declaration alone does not prove runtime capability."
"get_compliance","project-operations","agent/subagents/project-operations/tools/get_compliance.ts","caa3353bdd14d89e1bb1da1bf1623e023319894d","getAuthorizedCompliance","authorizeProject@lib/domain/access/projects.ts|getComplianceEngagement@lib/domain/compliance/engagements.ts|isDomainError@lib/domain/errors.ts|userPrincipal@lib/domain/principal.ts","tests/agent/project-tools.test.ts","false","read","database-read","false","declared; state/ports must be verified","planned-bridge-not-implemented","false","Source inspection; tool declaration alone does not prove runtime capability."
"get_project","project-operations","agent/subagents/project-operations/tools/get_project.ts","dc7b65d37b667bd50205b0a234f4b638120e8a1f","getAuthorizedProject","authorizeProject@lib/domain/access/projects.ts|isDomainError@lib/domain/errors.ts|getProjectDetail@lib/domain/projects/queries.ts|userPrincipal@lib/domain/principal.ts","tests/agent/project-tools.test.ts","false","read","database-read","false","declared; state/ports must be verified","planned-bridge-not-implemented","false","Source inspection; tool declaration alone does not prove runtime capability."
"get_project_requirements","project-operations","agent/subagents/project-operations/tools/get_project_requirements.ts","680ac6ac64af53d93474cff4fb213cbf0d20991c","getAuthorizedProjectRequirements","authorizeProject@lib/domain/access/projects.ts|isDomainError@lib/domain/errors.ts|getProjectRequirements@lib/domain/projects/requirements.ts|userPrincipal@lib/domain/principal.ts","tests/agent/project-tools.test.ts","false","read-with-initialization","database-initialization","false","declared; state/ports must be verified","planned-bridge-not-implemented","false","Preparation/read path must be treated as potentially initializing requirements; verify bridge persistence."
"prepare_compliance_outreach","project-operations","agent/subagents/project-operations/tools/prepare_compliance_outreach.ts","938e9d36a1bf85a46760102b66a33f4c028ba533","prepareAuthorizedComplianceOutreach","authorizeProject@lib/domain/access/projects.ts|prepareComplianceOutreach@lib/domain/compliance/outreach.ts|isDomainError@lib/domain/errors.ts|userPrincipal@lib/domain/principal.ts","tests/agent/project-tools.test.ts","false","read-with-initialization","database-initialization","false","declared; state/ports must be verified","planned-bridge-not-implemented","false","Preparation may initialize outreach records; not a pure read."
"resolve_compliance_document","project-operations","agent/subagents/project-operations/tools/resolve_compliance_document.ts","3fd7df9da81df774eafee35e48ca87ec478e6aae","resolveAuthorizedComplianceDocument","authorizeProject@lib/domain/access/projects.ts|resolveComplianceDocument@lib/domain/compliance/documents.ts|isDomainError@lib/domain/errors.ts|userPrincipal@lib/domain/principal.ts","tests/agent/project-tools.test.ts","true","write","database-write","false","declared; state/ports must be verified","planned-bridge-not-implemented","false","Source inspection; tool declaration alone does not prove runtime capability."
"search_projects","project-operations","agent/subagents/project-operations/tools/search_projects.ts","c13ad4f4803a8e3bb49fcb337494f3627a589313","searchAuthorizedProjects","listProjects@lib/domain/projects/queries.ts|userPrincipal@lib/domain/principal.ts","tests/agent/project-tools.test.ts","false","read","database-read","false","declared; state/ports must be verified","planned-bridge-not-implemented","false","Source inspection; tool declaration alone does not prove runtime capability."
"send_compliance_follow_up","project-operations","agent/subagents/project-operations/tools/send_compliance_follow_up.ts","57ee8d7b1d8ec8a9ecd0a577a9e630af1af3e257","sendAuthorizedComplianceFollowUp","authorizeProject@lib/domain/access/projects.ts|sendComplianceFollowUp@lib/domain/compliance/outreach.ts|isDomainError@lib/domain/errors.ts|userPrincipal@lib/domain/principal.ts","tests/agent/project-tools.test.ts","true","write","external-port","false","declared; state/ports must be verified","planned-bridge-not-implemented","false","Source inspection; tool declaration alone does not prove runtime capability."
"send_compliance_outreach","project-operations","agent/subagents/project-operations/tools/send_compliance_outreach.ts","cfb36168c1fc027e810f36b1c84dacf4f45af337","sendAuthorizedComplianceOutreach","authorizeProject@lib/domain/access/projects.ts|sendComplianceOutreach@lib/domain/compliance/outreach.ts|isDomainError@lib/domain/errors.ts|userPrincipal@lib/domain/principal.ts","tests/agent/project-tools.test.ts","true","write","external-port","false","declared; state/ports must be verified","planned-bridge-not-implemented","false","Source inspection; tool declaration alone does not prove runtime capability."
"set_compliance_document_required","project-operations","agent/subagents/project-operations/tools/set_compliance_document_required.ts","b28e6e2cccd3e3380b24fff5346c3a298a6fe3c0","setAuthorizedComplianceDocumentRequired","authorizeProject@lib/domain/access/projects.ts|setComplianceDocumentNotRequired@lib/domain/compliance/documents.ts|isDomainError@lib/domain/errors.ts|userPrincipal@lib/domain/principal.ts","tests/agent/project-tools.test.ts","true","write","database-write","false","declared; state/ports must be verified","planned-bridge-not-implemented","false","Source inspection; tool declaration alone does not prove runtime capability."
"start_compliance","project-operations","agent/subagents/project-operations/tools/start_compliance.ts","0ce62a88be758f1f4b6a98d5e9271f92328d3f7e","startAuthorizedCompliance","authorizeProject@lib/domain/access/projects.ts|startComplianceEngagement@lib/domain/compliance/engagements.ts|defaultComplianceSubjectAddress@lib/domain/compliance/subject-address.ts|isDomainError@lib/domain/errors.ts|userPrincipal@lib/domain/principal.ts","tests/agent/project-tools.test.ts","true","write","database-write","false","declared; state/ports must be verified","planned-bridge-not-implemented","false","Source inspection; tool declaration alone does not prove runtime capability."
"update_milestone","project-operations","agent/subagents/project-operations/tools/update_milestone.ts","56f5a0c62bc8e92d9648035249565f9ef6ab946c","updateAuthorizedMilestone","authorizeMilestone@lib/domain/access/projects.ts|authorizeProject@lib/domain/access/projects.ts|isDomainError@lib/domain/errors.ts|updateMilestone@lib/domain/projects/milestones.ts|userPrincipal@lib/domain/principal.ts","tests/agent/project-tools.test.ts","true","write","database-write","false","declared; state/ports must be verified","planned-bridge-not-implemented","false","Source inspection; tool declaration alone does not prove runtime capability."
"update_project_requirements","project-operations","agent/subagents/project-operations/tools/update_project_requirements.ts","5d4f65e858db6a9275eca68bc408c6ddf585f519","updateAuthorizedProjectRequirements","authorizeProject@lib/domain/access/projects.ts|isDomainError@lib/domain/errors.ts|updateProjectRequirements@lib/domain/projects/requirements.ts|userPrincipal@lib/domain/principal.ts","tests/agent/project-tools.test.ts","true","write","database-write","false","declared; state/ports must be verified","planned-bridge-not-implemented","false","Source inspection; tool declaration alone does not prove runtime capability."
"create_schedule","tradie-operations","agent/subagents/tradie-operations/tools/create_schedule.ts","0ab458c01e5f5340e7edf6548bae67ca38847b78","authorizeTradieWrite|createAuthorizedTradieSchedule|runTradieWrite","authorizeTradie@lib/domain/access/tradies.ts|authorizeProject@lib/domain/access/projects.ts|createTradieSchedule@lib/domain/tradies/schedules.ts|getCreatedScheduleSummary@lib/domain/tradies/queries.ts|getTradieScheduleDetail@lib/domain/tradies/queries.ts|isDomainError@lib/domain/errors.ts|userPrincipal@lib/domain/principal.ts","tests/agent/tradie-tools.test.ts","true","write","database-write","false","declared; state/ports must be verified","planned-bridge-not-implemented","false","Source inspection; tool declaration alone does not prove runtime capability."
"create_tradie","tradie-operations","agent/subagents/tradie-operations/tools/create_tradie.ts","5c956d75d06f8fe468a93268f01e1144d5ccf490","authorizeTradieWrite|createAuthorizedTradie|runTradieWrite","authorizeTradie@lib/domain/access/tradies.ts|authorizeProject@lib/domain/access/projects.ts|createTradie@lib/domain/tradies/directory.ts|getTradieScheduleDetail@lib/domain/tradies/queries.ts|isDomainError@lib/domain/errors.ts|userPrincipal@lib/domain/principal.ts","tests/agent/tradie-tools.test.ts","true","write","database-write","false","declared; state/ports must be verified","planned-bridge-not-implemented","false","Source inspection; tool declaration alone does not prove runtime capability."
"get_tradie","tradie-operations","agent/subagents/tradie-operations/tools/get_tradie.ts","dfec5d23baeefda24e15fe7b3ce32b3b48181307","getAuthorizedTradie","getTradieDetail@lib/domain/tradies/queries.ts|isDomainError@lib/domain/errors.ts|userPrincipal@lib/domain/principal.ts","tests/agent/tradie-tools.test.ts","false","read","database-read","false","declared; state/ports must be verified","planned-bridge-not-implemented","false","Source inspection; tool declaration alone does not prove runtime capability."
"list_schedules","tradie-operations","agent/subagents/tradie-operations/tools/list_schedules.ts","79956f5143ef061d36b5a1f09cb424a67d420020","listAuthorizedTradieSchedules","listTradieSchedules@lib/domain/tradies/queries.ts|userPrincipal@lib/domain/principal.ts","tests/agent/tradie-tools.test.ts","false","read","database-read","false","declared; state/ports must be verified","planned-bridge-not-implemented","false","Source inspection; tool declaration alone does not prove runtime capability."
"rate_tradie","tradie-operations","agent/subagents/tradie-operations/tools/rate_tradie.ts","494e301f184e1b3d6e5d87940bdd8a10d5f21483","authorizeTradieWrite|rateAuthorizedTradie|runTradieWrite","authorizeTradie@lib/domain/access/tradies.ts|authorizeProject@lib/domain/access/projects.ts|rateTradie@lib/domain/tradies/directory.ts|getTradieScheduleDetail@lib/domain/tradies/queries.ts|isDomainError@lib/domain/errors.ts|userPrincipal@lib/domain/principal.ts","tests/agent/tradie-tools.test.ts","true","write","database-write","false","declared; state/ports must be verified","planned-bridge-not-implemented","false","Source inspection; tool declaration alone does not prove runtime capability."
"report_incident","tradie-operations","agent/subagents/tradie-operations/tools/report_incident.ts","a892b84c064d51cd267c723a8ac9a172e0c108ff","authorizeTradieWrite|reportAuthorizedTradieIncident|runTradieWrite","authorizeTradie@lib/domain/access/tradies.ts|authorizeProject@lib/domain/access/projects.ts|reportTradieIncident@lib/domain/tradies/incidents.ts|getTradieScheduleDetail@lib/domain/tradies/queries.ts|isDomainError@lib/domain/errors.ts|userPrincipal@lib/domain/principal.ts","tests/agent/tradie-tools.test.ts","true","write","database-write","false","declared; state/ports must be verified","planned-bridge-not-implemented","false","Source inspection; tool declaration alone does not prove runtime capability."
"request_price_change","tradie-operations","agent/subagents/tradie-operations/tools/request_price_change.ts","d43496bf2992d851d757bcaaea34b82da1eb43b0","authorizeTradieWrite|requestAuthorizedTradiePriceChange|runTradieWrite","authorizeTradie@lib/domain/access/tradies.ts|authorizeProject@lib/domain/access/projects.ts|requestTradiePriceChange@lib/domain/tradies/directory.ts|getTradieScheduleDetail@lib/domain/tradies/queries.ts|isDomainError@lib/domain/errors.ts|userPrincipal@lib/domain/principal.ts","tests/agent/tradie-tools.test.ts","true","write","database-write","false","declared; state/ports must be verified","planned-bridge-not-implemented","false","Source inspection; tool declaration alone does not prove runtime capability."
"request_removal","tradie-operations","agent/subagents/tradie-operations/tools/request_removal.ts","21190994061f935303368099ee3153b9dd5c70e6","authorizeTradieWrite|requestAuthorizedTradieRemoval|runTradieWrite","authorizeTradie@lib/domain/access/tradies.ts|authorizeProject@lib/domain/access/projects.ts|requestTradieRemoval@lib/domain/tradies/directory.ts|getTradieScheduleDetail@lib/domain/tradies/queries.ts|isDomainError@lib/domain/errors.ts|userPrincipal@lib/domain/principal.ts","tests/agent/tradie-tools.test.ts","true","write","database-write","false","declared; state/ports must be verified","planned-bridge-not-implemented","false","Source inspection; tool declaration alone does not prove runtime capability."
"request_schedule_deletion","tradie-operations","agent/subagents/tradie-operations/tools/request_schedule_deletion.ts","fd26ff57bc2a86c1e42652f4e2c8d54c42fcfaf5","authorizeTradieWrite|requestAuthorizedScheduleDeletion|runTradieWrite","authorizeTradie@lib/domain/access/tradies.ts|authorizeProject@lib/domain/access/projects.ts|requestTradieScheduleDeletion@lib/domain/tradies/schedules.ts|getTradieScheduleDetail@lib/domain/tradies/queries.ts|isDomainError@lib/domain/errors.ts|userPrincipal@lib/domain/principal.ts","tests/agent/tradie-tools.test.ts","true","write","database-write","false","declared; state/ports must be verified","planned-bridge-not-implemented","false","Source inspection; tool declaration alone does not prove runtime capability."
"reschedule","tradie-operations","agent/subagents/tradie-operations/tools/reschedule.ts","3c02ee024ed400f125d1171ba71af9fe9ccdf09e","authorizeTradieWrite|rescheduleAuthorizedTradie|runTradieWrite","authorizeTradie@lib/domain/access/tradies.ts|authorizeProject@lib/domain/access/projects.ts|rescheduleTradieSchedule@lib/domain/tradies/schedules.ts|getTradieScheduleDetail@lib/domain/tradies/queries.ts|isDomainError@lib/domain/errors.ts|userPrincipal@lib/domain/principal.ts","tests/agent/tradie-tools.test.ts","true","write","database-write","false","declared; state/ports must be verified","planned-bridge-not-implemented","false","Source inspection; tool declaration alone does not prove runtime capability."
"search_tradies","tradie-operations","agent/subagents/tradie-operations/tools/search_tradies.ts","b7980b98661a71131f114a3784876aff2f5f5d0c","searchAuthorizedTradies","searchTradies@lib/domain/tradies/queries.ts|userPrincipal@lib/domain/principal.ts","tests/agent/tradie-tools.test.ts","false","read","database-read","false","declared; state/ports must be verified","planned-bridge-not-implemented","false","Source inspection; tool declaration alone does not prove runtime capability."
"transition_schedule","tradie-operations","agent/subagents/tradie-operations/tools/transition_schedule.ts","85067c2ce212fa075f9449b3b0dd117979a916d4","authorizeTradieWrite|runTradieWrite|transitionAuthorizedTradieSchedule","authorizeTradie@lib/domain/access/tradies.ts|authorizeProject@lib/domain/access/projects.ts|transitionTradieSchedule@lib/domain/tradies/schedules.ts|getTradieScheduleDetail@lib/domain/tradies/queries.ts|isDomainError@lib/domain/errors.ts|userPrincipal@lib/domain/principal.ts","tests/agent/tradie-tools.test.ts","true","write","database-write","false","declared; state/ports must be verified","planned-bridge-not-implemented","false","Source inspection; tool declaration alone does not prove runtime capability."
"update_tradie","tradie-operations","agent/subagents/tradie-operations/tools/update_tradie.ts","1b330ea16e0f3a2f00c81a06b3e5e0e9314629db","authorizeTradieWrite|runTradieWrite|updateAuthorizedTradie","authorizeTradie@lib/domain/access/tradies.ts|authorizeProject@lib/domain/access/projects.ts|updateTradie@lib/domain/tradies/directory.ts|getTradieScheduleDetail@lib/domain/tradies/queries.ts|isDomainError@lib/domain/errors.ts|userPrincipal@lib/domain/principal.ts","tests/agent/tradie-tools.test.ts","true","write","database-write","false","declared; state/ports must be verified","planned-bridge-not-implemented","false","Source inspection; tool declaration alone does not prove runtime capability."
